blockNumber,lockId,recipient,amount,source,date,type
12812870,2,0x5d9B8cf0668c412eC1228F1d50222C8e8ac36027,4,BSC,12/07/2021 06:04,Received
12817478,7,0x5d9B8cf0668c412eC1228F1d50222C8e8ac36027,0.1,HECO,13/07/2021 36:58,Received
12817525,73,0x5d9B8cf0668c412eC1228F1d50222C8e8ac36027,0.1,SOL,13/07/2021 46:22,Received
12817623,28,0x5d9B8cf0668c412eC1228F1d50222C8e8ac36027,0.1,POL,13/07/2021 06:02,Received
12824994,8,0x5d9B8cf0668c412eC1228F1d50222C8e8ac36027,0.1,HECO,14/07/2021 51:58,Received
12825068,15,0x5d9B8cf0668c412eC1228F1d50222C8e8ac36027,0.1,BSC,14/07/2021 11:29,Received
12825169,74,0x5d9B8cf0668c412eC1228F1d50222C8e8ac36027,0.1,SOL,14/07/2021 38:44,Received
12825257,29,0x5d9B8cf0668c412eC1228F1d50222C8e8ac36027,0.1,POL,14/07/2021 01:24,Received
12857244,29,0x204089c88Aef6E44Abb0aAde1e3469dEa7D0C766,1032.145486254,BSC,19/07/2021 25:37,Received
12874549,39,0x643c183008e89CC289DCA521494b2aD6fE460b7A,999.9,BSC,22/07/2021 20:26,Received
12883111,42,0xEC1e7Cc2495f14Db176b5d6F2DbfBBaA4476c2f7,22.061534457,BSC,23/07/2021 17:54,Received
12883303,43,0xEC1e7Cc2495f14Db176b5d6F2DbfBBaA4476c2f7,19.99,BSC,23/07/2021 05:49,Received
12887559,47,0x0Aa350FB487F75d4f5d6ED920A5ae0923ded06E1,117,BSC,24/07/2021 03:44,Received
12889662,50,0x01d80BdD0c83c99465698e77E829C015950B220F,1000,BSC,24/07/2021 55:42,Received
12894446,52,0x3b34D4606Bbe0AcC01Fa0386D5a048bb70A56607,1022.764502757,BSC,25/07/2021 47:00,Received
12897410,57,0xa787F09349999A61434cFB75118C6A9d0CAc9406,6251.7426356920005,BSC,25/07/2021 54:48,Received
12897990,58,0x0Aa350FB487F75d4f5d6ED920A5ae0923ded06E1,67.01233332,BSC,26/07/2021 03:12,Received
12898049,59,0x7A6A59588B8106045303E1923227a2cefbEC2B66,13349.637762095,BSC,26/07/2021 17:59,Received
12903696,63,0xa787F09349999A61434cFB75118C6A9d0CAc9406,9856.216661399,BSC,26/07/2021 37:44,Received
12917500,79,0xa746CB1e8430B9A34b5c8D33A556E9a888de813D,0.99,BSC,29/07/2021 18:15,Received
12917514,80,0xa746CB1e8430B9A34b5c8D33A556E9a888de813D,12.99,BSC,29/07/2021 21:35,Received
12917702,81,0xa746CB1e8430B9A34b5c8D33A556E9a888de813D,386.02,BSC,29/07/2021 04:09,Received
12922951,88,0x825cB272e5B6862e6EB0379766d2D5620EF1908F,145.691967638,BSC,30/07/2021 58:26,Received
12936374,99,0x78692f952bb368164Cc143F5Ad3B71b1D858ccC2,2916.7254690880004,BSC,01/08/2021 08:06,Received
12942637,497,0xa746CB1e8430B9A34b5c8D33A556E9a888de813D,90.99,SOL,02/08/2021 55:49,Received
12960481,112,0xa787F09349999A61434cFB75118C6A9d0CAc9406,9176.511632723,BSC,04/08/2021 14:14,Received
12965586,118,0xa787F09349999A61434cFB75118C6A9d0CAc9406,4505.530260545001,BSC,05/08/2021 48:02,Received
12965641,119,0xa787F09349999A61434cFB75118C6A9d0CAc9406,6082.262289016,BSC,05/08/2021 00:20,Received
12965683,121,0xa787F09349999A61434cFB75118C6A9d0CAc9406,13169.681551964999,BSC,05/08/2021 10:05,Received
12972745,127,0xa787F09349999A61434cFB75118C6A9d0CAc9406,13417.754105937,BSC,06/08/2021 21:50,Received
12976694,133,0x6f37fa6dd853D7Fbc5aF6Be6dcE3DAAD2BA4aC11,0.19,BSC,07/08/2021 53:23,Received
12984020,136,0x8445901c0cfbed52045d8aCBCBaCC1F0eD65a8f5,1,BSC,08/08/2021 57:28,Received
12991313,141,0x6f37fa6dd853D7Fbc5aF6Be6dcE3DAAD2BA4aC11,0.99,BSC,09/08/2021 46:37,Received
12991947,659,0xAfA68ea50a0DDa89c15dDC53BAf43B97f5F6FBE9,58.045012138,SOL,09/08/2021 13:56,Received
12998144,146,0x492FbCffE0D9aa88C31Ffb2F67EF83e085D7949c,1,BSC,10/08/2021 03:43,Received
13007657,159,0x1addEc197B4aAf59fdd65fDC5e1a532Cf652e85A,803.988946369,BSC,12/08/2021 28:36,Received
13013793,164,0x180ddb14c6eEc43f8220B1e3f72248E2954616ED,9.9,BSC,13/08/2021 15:47,Received
13013884,165,0x180ddb14c6eEc43f8220B1e3f72248E2954616ED,99.9,BSC,13/08/2021 37:16,Received
13013936,166,0x180ddb14c6eEc43f8220B1e3f72248E2954616ED,7111.645219126,BSC,13/08/2021 49:29,Received
13017047,171,0xcF1B308fEA118032df10F4E6DF0C9263E4814e41,5.008761148,BSC,13/08/2021 20:29,Received
13017097,172,0xFfb866e992DfD6566694524afBe26E642b49587b,7354.341937564001,BSC,13/08/2021 29:51,Received
13033281,188,0x8ceeDB947460a110760d9095F3D4e3f78a9bc03E,4.461478601,BSC,16/08/2021 25:20,Received
13037353,199,0x80A7F85A9c5E335Ed9b31d6Acb4405d6C88de531,2067.224062226,BSC,16/08/2021 39:04,Received
13038139,203,0xbB076f3BbDA9f5E84Dd5a75D5568309f4F86dcbB,149.99,BSC,16/08/2021 23:00,Received
13038510,206,0x97ee4eD562c7eD22F4Ff7dC3FC4A24B5F0B9627e,46.972668348,BSC,17/08/2021 47:07,Received
13038959,211,0xB4E0A91eB141eA52fdCB205c226D6FCB446468dA,13333.283866303,BSC,17/08/2021 28:25,Received
13040608,1025,0x3642844717D64FE85Fb45d7ed17F832A283520fe,2759.310400892,SOL,17/08/2021 36:09,Received
13053145,1211,0xD4ac472fEbBA77bFadd39b0B86C5A87E9C422D82,8087.779742026,SOL,19/08/2021 10:45,Received
13065700,267,0xbB076f3BbDA9f5E84Dd5a75D5568309f4F86dcbB,99.99,BSC,21/08/2021 24:40,Received
13065807,1218,0x13bF9dC3f16CFc465d4849Eb5B739B362a67ff67,0.2,SOL,21/08/2021 45:55,Received
13070537,274,0xa787F09349999A61434cFB75118C6A9d0CAc9406,7222.281867056,BSC,21/08/2021 29:22,Received
13073564,275,0xbB076f3BbDA9f5E84Dd5a75D5568309f4F86dcbB,149.44212727500002,BSC,22/08/2021 41:30,Received
13082559,281,0x6f37fa6dd853D7Fbc5aF6Be6dcE3DAAD2BA4aC11,9950,BSC,23/08/2021 14:16,Received
13082658,283,0x6f37fa6dd853D7Fbc5aF6Be6dcE3DAAD2BA4aC11,9950,BSC,23/08/2021 35:15,Received
13082763,1948,0x27AeBaF209b4620550AC3eF43D486A03Df01C730,506.755853087,POL,23/08/2021 57:45,Received
13085520,290,0x7A11e0fBf53e9d52Dd942A8e2d53ABb67e78665f,78.167164276,BSC,24/08/2021 07:47,Received
13101374,306,0xA69E990D71187dD4ed9513412E71660c35a735f9,10984.590673846998,BSC,26/08/2021 50:16,Received
13105247,1750,0x3C6a79059C57BB81EC16a709dfd7754D1E620EEe,1939.055740942,SOL,27/08/2021 06:37,Received
13115260,326,0x97ee4eD562c7eD22F4Ff7dC3FC4A24B5F0B9627e,54.738073021999995,BSC,28/08/2021 33:10,Received
13117925,330,0xE7d3993CD5798fa0D85DCC33Bf8Db835eD96ac0D,27.775210913000002,BSC,29/08/2021 10:52,Received
13118106,329,0xA3c90B8C7d490125Fd8a8900108E4cdB57E1911E,1.99,BSC,29/08/2021 53:20,Received
13125857,37,0xa746CB1e8430B9A34b5c8D33A556E9a888de813D,0.69,BSC,30/08/2021 41:09,Received
13125953,1930,0x26975C91A2e40F7CeA5Df99Ba97AD081a022D886,21565.277242228,SOL,30/08/2021 02:21,Received
13129182,348,0xa787F09349999A61434cFB75118C6A9d0CAc9406,24323.405651129,BSC,31/08/2021 04:00,Received
13135679,2085,0x0aa037390619Ecb58974A983131986210cd03dF5,2238.084295817,SOL,01/09/2021 12:03,Received
13145405,398,0xAda8bC7558fF750967FfDa62d5321473Ae556547,17964.623418723,BSC,02/09/2021 17:16,Received
13147376,406,0x692099388e4A3804429B87f64808494B78073D65,12241.9,BSC,02/09/2021 36:05,Received
13156516,431,0x7c584b58868dA2A33C8e9A6bCf672C4a7ce3Fa32,517.937613,BSC,04/09/2021 22:31,Received
13165679,404,0x6a4DC5b4b5192C33717dc77F26Aa84d08079d56b,3345.4978057740004,BSC,05/09/2021 19:30,Received
13171772,479,0x692099388e4A3804429B87f64808494B78073D65,55000.494541982,BSC,06/09/2021 02:31,Received
13174789,2964,0x7568aF3a21CF2AcC39105b128e3F9D54e5A15063,11575.285930809,SOL,07/09/2021 11:03,Received
13178884,3137,0x3113AB5c691ECDAC25C07bBF2bf80EB005e4088C,19689.418713432,SOL,07/09/2021 26:01,Received
13183054,536,0x7727c65d84C44Daf921438adC20c993CceCf7cbe,13.34726,BSC,08/09/2021 59:49,Received
13186922,551,0xa787F09349999A61434cFB75118C6A9d0CAc9406,28832.295495721,BSC,08/09/2021 01:38,Received
13196523,4037,0xa746CB1e8430B9A34b5c8D33A556E9a888de813D,5.97,SOL,10/09/2021 54:00,Received
13204255,4355,0x2D0217c53ead5E10AAFf384eFB383E94e2965ee9,93.425,SOL,11/09/2021 42:35,Received
13209954,631,0x7D84B4816A71d0Dec55E8e881011A617F87AB3B0,37.547508034,BSC,12/09/2021 48:01,Received
13212492,4120,0xA567fE1707ACe303B08bcBCa34e302dDb3862A12,4.99,SOL,12/09/2021 08:53,Received
13223109,692,0x31c5462a76Db6B0978D729F3b4778E3665877771,50,BSC,14/09/2021 53:16,Received
