blockNumber,lockId,sender,recipient,amount,destination,tokenSource,date,type
12817340,0,0x5d9B8cf0668c412eC1228F1d50222C8e8ac36027,0x5d9b8cf0668c412ec1228f1d50222c8e8ac36027,0.1,HECO,"[""ETH"",""0xf7413489c474ca4399eee604716c72879eea3615""]",13/07/2021 04:02,Sent
12817381,1,0x5d9B8cf0668c412eC1228F1d50222C8e8ac36027,0x5d9b8cf0668c412ec1228f1d50222c8e8ac36027,0.1,BSC,"[""ETH"",""0xf7413489c474ca4399eee604716c72879eea3615""]",13/07/2021 14:12,Sent
12817403,2,0x5d9B8cf0668c412eC1228F1d50222C8e8ac36027,0xdae07653d2714e3a79dea980ee5329e47c78a410,0.1,SOL,"[""ETH"",""0xf7413489c474ca4399eee604716c72879eea3615""]",13/07/2021 18:49,Sent
12817414,3,0x5d9B8cf0668c412eC1228F1d50222C8e8ac36027,0x5d9b8cf0668c412ec1228f1d50222c8e8ac36027,0.1,POL,"[""ETH"",""0xf7413489c474ca4399eee604716c72879eea3615""]",13/07/2021 22:47,Sent
12824912,4,0x5d9B8cf0668c412eC1228F1d50222C8e8ac36027,0x5d9b8cf0668c412ec1228f1d50222c8e8ac36027,0.1,HECO,"[""ETH"",""0xf7413489c474ca4399eee604716c72879eea3615""]",14/07/2021 33:26,Sent
12824932,5,0x5d9B8cf0668c412eC1228F1d50222C8e8ac36027,0x5d9b8cf0668c412ec1228f1d50222c8e8ac36027,0.1,BSC,"[""ETH"",""0xf7413489c474ca4399eee604716c72879eea3615""]",14/07/2021 38:20,Sent
12824944,6,0x5d9B8cf0668c412eC1228F1d50222C8e8ac36027,0xdae07653d2714e3a79dea980ee5329e47c78a410,0.1,SOL,"[""ETH"",""0xf7413489c474ca4399eee604716c72879eea3615""]",14/07/2021 41:11,Sent
12824966,7,0x5d9B8cf0668c412eC1228F1d50222C8e8ac36027,0x5d9b8cf0668c412ec1228f1d50222c8e8ac36027,0.1,POL,"[""ETH"",""0xf7413489c474ca4399eee604716c72879eea3615""]",14/07/2021 45:51,Sent
12852315,8,0xa787F09349999A61434cFB75118C6A9d0CAc9406,0xa787f09349999a61434cfb75118c6a9d0cac9406,10544.34325770058,BSC,"[""ETH"",""0xf7413489c474ca4399eee604716c72879eea3615""]",18/07/2021 53:21,Sent
12852565,9,0xa787F09349999A61434cFB75118C6A9d0CAc9406,0xa787f09349999a61434cfb75118c6a9d0cac9406,6410.276736087688,BSC,"[""ETH"",""0xf7413489c474ca4399eee604716c72879eea3615""]",18/07/2021 45:19,Sent
12858043,10,0x2e1d9B8056bb083c0AAF3F53aF81b7fDA8a570aa,0x2e1d9b8056bb083c0aaf3f53af81b7fda8a570aa,10621.66320468632,BSC,"[""ETH"",""0xf7413489c474ca4399eee604716c72879eea3615""]",19/07/2021 12:48,Sent
12870342,11,0x913CCB495b2eD2f0f103f356aB2f72d3d0cecE8e,0x913ccb495b2ed2f0f103f356ab2f72d3d0cece8e,10,BSC,"[""ETH"",""0xd9c2d319cd7e6177336b0a9c93c21cb48d84fb54""]",21/07/2021 31:33,Sent
12874661,12,0x60B3b164a69AC2A79C0828190a94Cf0D28274891,0x3e4302fcc1faf17638597e7ccf3c625e6fa1c81d,0.99,BSC,"[""ETH"",""0xd9c2d319cd7e6177336b0a9c93c21cb48d84fb54""]",22/07/2021 47:09,Sent
12874687,13,0x60B3b164a69AC2A79C0828190a94Cf0D28274891,0x3e4302fcc1faf17638597e7ccf3c625e6fa1c81d,64.38673089545414,BSC,"[""ETH"",""0xd9c2d319cd7e6177336b0a9c93c21cb48d84fb54""]",22/07/2021 55:12,Sent
12875214,14,0x60B3b164a69AC2A79C0828190a94Cf0D28274891,0x3e4302fcc1faf17638597e7ccf3c625e6fa1c81d,99.99,BSC,"[""ETH"",""0xd9c2d319cd7e6177336b0a9c93c21cb48d84fb54""]",22/07/2021 57:30,Sent
12875214,15,0x60B3b164a69AC2A79C0828190a94Cf0D28274891,0x3e4302fcc1faf17638597e7ccf3c625e6fa1c81d,79.99,BSC,"[""ETH"",""0xd9c2d319cd7e6177336b0a9c93c21cb48d84fb54""]",22/07/2021 57:30,Sent
12875631,16,0xbB076f3BbDA9f5E84Dd5a75D5568309f4F86dcbB,0xbb076f3bbda9f5e84dd5a75d5568309f4f86dcbb,19.99,BSC,"[""ETH"",""0xd9c2d319cd7e6177336b0a9c93c21cb48d84fb54""]",22/07/2021 31:11,Sent
12875657,17,0xbB076f3BbDA9f5E84Dd5a75D5568309f4F86dcbB,0xbb076f3bbda9f5e84dd5a75d5568309f4f86dcbb,80.09,BSC,"[""ETH"",""0xd9c2d319cd7e6177336b0a9c93c21cb48d84fb54""]",22/07/2021 38:46,Sent
12876503,18,0xDD1D2958a8a2369BE5a792D929043AF96e446111,0xdd1d2958a8a2369be5a792d929043af96e446111,0.09,BSC,"[""ETH"",""0xd9c2d319cd7e6177336b0a9c93c21cb48d84fb54""]",22/07/2021 39:50,Sent
12876586,19,0xDD1D2958a8a2369BE5a792D929043AF96e446111,0xdd1d2958a8a2369be5a792d929043af96e446111,99.09799579779136,BSC,"[""ETH"",""0xd9c2d319cd7e6177336b0a9c93c21cb48d84fb54""]",22/07/2021 56:57,Sent
12877907,20,0x484499e453390fB252A10D61c68F57d95f5bf277,0x484499e453390fb252a10d61c68f57d95f5bf277,14.067822094407983,BSC,"[""ETH"",""0xd9c2d319cd7e6177336b0a9c93c21cb48d84fb54""]",22/07/2021 54:45,Sent
12878177,21,0xEC1e7Cc2495f14Db176b5d6F2DbfBBaA4476c2f7,0xec1e7cc2495f14db176b5d6f2dbfbbaa4476c2f7,10.449729721258466,BSC,"[""ETH"",""0xd9c2d319cd7e6177336b0a9c93c21cb48d84fb54""]",22/07/2021 55:58,Sent
12878433,22,0xEC1e7Cc2495f14Db176b5d6F2DbfBBaA4476c2f7,0xec1e7cc2495f14db176b5d6f2dbfbbaa4476c2f7,31.85220927,BSC,"[""ETH"",""0xd9c2d319cd7e6177336b0a9c93c21cb48d84fb54""]",23/07/2021 52:48,Sent
12882239,23,0x0fc501Dfbba0753232aF4e0fA0913784e34a990d,0x39c369727903210db510a9b0f568e11bebe7363e,4.99,SOL,"[""ETH"",""0xd9c2d319cd7e6177336b0a9c93c21cb48d84fb54""]",23/07/2021 55:26,Sent
12882332,24,0x0fc501Dfbba0753232aF4e0fA0913784e34a990d,0x39c369727903210db510a9b0f568e11bebe7363e,4.99,SOL,"[""ETH"",""0xd9c2d319cd7e6177336b0a9c93c21cb48d84fb54""]",23/07/2021 17:40,Sent
12882481,25,0x0fc501Dfbba0753232aF4e0fA0913784e34a990d,0x39c369727903210db510a9b0f568e11bebe7363e,349.99,SOL,"[""ETH"",""0xd9c2d319cd7e6177336b0a9c93c21cb48d84fb54""]",23/07/2021 53:05,Sent
12882886,26,0x3642844717D64FE85Fb45d7ed17F832A283520fe,0x6239c554863176f783b49f6954042197e8649521,115.2089349187077,SOL,"[""ETH"",""0xd9c2d319cd7e6177336b0a9c93c21cb48d84fb54""]",23/07/2021 25:46,Sent
12883003,27,0xc0cD39ad70b135a44e563068006335C3472A8237,0x7fd07f45733bf88e4fa85078ed69c764e254db4d,58.05501213832177,SOL,"[""ETH"",""0xd9c2d319cd7e6177336b0a9c93c21cb48d84fb54""]",23/07/2021 53:15,Sent
12883016,28,0x3642844717D64FE85Fb45d7ed17F832A283520fe,0x6239c554863176f783b49f6954042197e8649521,100,SOL,"[""ETH"",""0xd9c2d319cd7e6177336b0a9c93c21cb48d84fb54""]",23/07/2021 56:12,Sent
12884288,29,0x3642844717D64FE85Fb45d7ed17F832A283520fe,0x6239c554863176f783b49f6954042197e8649521,3,SOL,"[""ETH"",""0xd9c2d319cd7e6177336b0a9c93c21cb48d84fb54""]",23/07/2021 41:25,Sent
12884379,30,0x3642844717D64FE85Fb45d7ed17F832A283520fe,0x6239c554863176f783b49f6954042197e8649521,3,SOL,"[""ETH"",""0xd9c2d319cd7e6177336b0a9c93c21cb48d84fb54""]",23/07/2021 00:12,Sent
12887926,31,0xfE48ed24BB2Fc217c1B4b3C92e27a46E28589fb6,0x8cdc8ee9cba745a8df04fba66e5a322e70df66eb,0.99,SOL,"[""ETH"",""0xd9c2d319cd7e6177336b0a9c93c21cb48d84fb54""]",24/07/2021 25:50,Sent
12887949,32,0xfE48ed24BB2Fc217c1B4b3C92e27a46E28589fb6,0x8cdc8ee9cba745a8df04fba66e5a322e70df66eb,25.397564295137908,SOL,"[""ETH"",""0xd9c2d319cd7e6177336b0a9c93c21cb48d84fb54""]",24/07/2021 30:10,Sent
12889539,33,0xeC0241c1fB14d4EEc8dF7915C1027eBe6a206e95,0x7b19f3063f39ced906d746090f9f631d2a33c2de,0.41,SOL,"[""ETH"",""0xd9c2d319cd7e6177336b0a9c93c21cb48d84fb54""]",24/07/2021 31:12,Sent
12893966,34,0x25C23Ee7Ce8D4D263b1De175B1Ed87B074B381e8,0x25c23ee7ce8d4d263b1de175b1ed87b074b381e8,10,BSC,"[""ETH"",""0xf7413489c474ca4399eee604716c72879eea3615""]",25/07/2021 56:42,Sent
12897691,35,0x643c183008e89CC289DCA521494b2aD6fE460b7A,0x643c183008e89cc289dca521494b2ad6fe460b7a,285.76797118098955,BSC,"[""ETH"",""0xf7413489c474ca4399eee604716c72879eea3615""]",26/07/2021 57:41,Sent
12897760,36,0xACEa9Ccf23Ebdc736EFB1Dddc7D6F1737d1dDE57,0xacea9ccf23ebdc736efb1dddc7d6f1737d1dde57,10000.696125407414,BSC,"[""ETH"",""0xf7413489c474ca4399eee604716c72879eea3615""]",26/07/2021 11:35,Sent
12911029,37,0x3642844717D64FE85Fb45d7ed17F832A283520fe,0x6239c554863176f783b49f6954042197e8649521,1,SOL,"[""ETH"",""0xd9c2d319cd7e6177336b0a9c93c21cb48d84fb54""]",28/07/2021 38:44,Sent
12912270,38,0x42d6FCD0aDB387BaAe94De142c11ef64508955bD,0x42d6fcd0adb387baae94de142c11ef64508955bd,3390.2655,BSC,"[""ETH"",""0xf7413489c474ca4399eee604716c72879eea3615""]",28/07/2021 12:14,Sent
12922356,39,0x9479137b883889DC0cbb1B4a34A3bD9a7567765f,0xbbb3f8a0638ed56d3fc35700fa1bc5c1ec3498de,1334.9999093901304,SOL,"[""ETH"",""0xf7413489c474ca4399eee604716c72879eea3615""]",29/07/2021 43:46,Sent
12922956,40,0x3642844717D64FE85Fb45d7ed17F832A283520fe,0x3642844717d64fe85fb45d7ed17f832a283520fe,30.373674021609673,BSC,"[""ETH"",""0xd9c2d319cd7e6177336b0a9c93c21cb48d84fb54""]",30/07/2021 59:53,Sent
12923650,41,0xf34F24bc729473f06B27896F5da185C6e1Dc2e29,0x3f6f9af3af0ebe064f633adb0b4df9500a7c0f37,0.99,SOL,"[""ETH"",""0xd9c2d319cd7e6177336b0a9c93c21cb48d84fb54""]",30/07/2021 33:22,Sent
12924394,42,0x9BeC365003B873330b792Ad23BB664A6D591dFB0,0x8cdc8ee9cba745a8df04fba66e5a322e70df66eb,0.99,SOL,"[""ETH"",""0xd9c2d319cd7e6177336b0a9c93c21cb48d84fb54""]",30/07/2021 31:16,Sent
12924423,43,0x9BeC365003B873330b792Ad23BB664A6D591dFB0,0x8cdc8ee9cba745a8df04fba66e5a322e70df66eb,62.993741400000005,SOL,"[""ETH"",""0xd9c2d319cd7e6177336b0a9c93c21cb48d84fb54""]",30/07/2021 37:22,Sent
12925623,44,0x60B3b164a69AC2A79C0828190a94Cf0D28274891,0x3e4302fcc1faf17638597e7ccf3c625e6fa1c81d,49.99,POL,"[""ETH"",""0xd9c2d319cd7e6177336b0a9c93c21cb48d84fb54""]",30/07/2021 19:53,Sent
12931842,45,0xf2c64fbC8e79a82393140dAD104ae3812E49cb6C,0x8b05e36a87ab4df2262493a356da15c92d484190,0.01,SOL,"[""ETH"",""0xd9c2d319cd7e6177336b0a9c93c21cb48d84fb54""]",31/07/2021 50:35,Sent
12931913,46,0xf2c64fbC8e79a82393140dAD104ae3812E49cb6C,0x8b05e36a87ab4df2262493a356da15c92d484190,99.7600092813923,SOL,"[""ETH"",""0xd9c2d319cd7e6177336b0a9c93c21cb48d84fb54""]",31/07/2021 07:43,Sent
12932883,47,0xbB076f3BbDA9f5E84Dd5a75D5568309f4F86dcbB,0xbb076f3bbda9f5e84dd5a75d5568309f4f86dcbb,100,BSC,"[""ETH"",""0xd9c2d319cd7e6177336b0a9c93c21cb48d84fb54""]",31/07/2021 50:34,Sent
12932984,48,0x3792DfF59F7b724b8ade7Bd7BFBEB09584725c60,0x6d8ea5b9c53a3cfaede00b35359a41cebc6eec13,0.09,SOL,"[""ETH"",""0xd9c2d319cd7e6177336b0a9c93c21cb48d84fb54""]",31/07/2021 11:37,Sent
12933004,49,0x3792DfF59F7b724b8ade7Bd7BFBEB09584725c60,0x6d8ea5b9c53a3cfaede00b35359a41cebc6eec13,4.89,SOL,"[""ETH"",""0xd9c2d319cd7e6177336b0a9c93c21cb48d84fb54""]",31/07/2021 16:06,Sent
12939014,50,0xCFcEF358aBAF97cfB57923071262CC9Af3e23ae0,0xc4845a97640304c5dcd290b3dd91f5887cf5ae57,10.99,SOL,"[""ETH"",""0xd9c2d319cd7e6177336b0a9c93c21cb48d84fb54""]",01/08/2021 08:28,Sent
12939045,51,0xCFcEF358aBAF97cfB57923071262CC9Af3e23ae0,0xc4845a97640304c5dcd290b3dd91f5887cf5ae57,66.2545540561613,SOL,"[""ETH"",""0xd9c2d319cd7e6177336b0a9c93c21cb48d84fb54""]",01/08/2021 14:27,Sent
12940797,52,0x0f7cE57e7A97f9DdC2Eb7497216B8De6F1DC40Bc,0xd91d875f40fc0f01019ea59bcb821c81a460888c,2.99,SOL,"[""ETH"",""0xd9c2d319cd7e6177336b0a9c93c21cb48d84fb54""]",01/08/2021 50:55,Sent
12944311,53,0xCFcEF358aBAF97cfB57923071262CC9Af3e23ae0,0xc4845a97640304c5dcd290b3dd91f5887cf5ae57,16.393754094470864,SOL,"[""ETH"",""0xd9c2d319cd7e6177336b0a9c93c21cb48d84fb54""]",02/08/2021 10:49,Sent
12944677,54,0x0f7cE57e7A97f9DdC2Eb7497216B8De6F1DC40Bc,0xd91d875f40fc0f01019ea59bcb821c81a460888c,121.79,SOL,"[""ETH"",""0xd9c2d319cd7e6177336b0a9c93c21cb48d84fb54""]",02/08/2021 34:29,Sent
12945268,55,0x977bc167F889dcd7A6eCe301C92A059DE7B1772c,0x9ff95b59bf400cc39860dfaf1f7cbd64d8df9001,17.834552360565098,SOL,"[""ETH"",""0xd9c2d319cd7e6177336b0a9c93c21cb48d84fb54""]",02/08/2021 52:31,Sent
12946827,56,0x9719626eF61fF1Fa19595680881D281997b29E78,0xa57e8e5a390e3f8b4e865d21839f3bb5220ed094,0.99,SOL,"[""ETH"",""0xd9c2d319cd7e6177336b0a9c93c21cb48d84fb54""]",02/08/2021 52:04,Sent
12947026,57,0x9719626eF61fF1Fa19595680881D281997b29E78,0xa57e8e5a390e3f8b4e865d21839f3bb5220ed094,100.3682481570139,SOL,"[""ETH"",""0xd9c2d319cd7e6177336b0a9c93c21cb48d84fb54""]",02/08/2021 36:06,Sent
12948377,58,0xcac1b3aE400a1454a610B8d7b7249e01eCed5127,0x1a596124acb5d9b5b07de5333b55cd4f8748c27c,5.01,SOL,"[""ETH"",""0xd9c2d319cd7e6177336b0a9c93c21cb48d84fb54""]",03/08/2021 36:23,Sent
12951417,59,0x630f1130dDC936Da8FDE5BC0dF24C878019fC339,0x2b18b6588a8e78a1c84d4f762f2f90fa7c033e1d,10932.218761999999,BSC,"[""ETH"",""0xf7413489c474ca4399eee604716c72879eea3615""]",03/08/2021 09:39,Sent
12953169,60,0xe6eaf4a790d85C3fa9eBDF067Ee0a42E8a035697,0xe6eaf4a790d85c3fa9ebdf067ee0a42e8a035697,40.46765885537955,BSC,"[""ETH"",""0xd9c2d319cd7e6177336b0a9c93c21cb48d84fb54""]",03/08/2021 46:02,Sent
12956447,61,0xCFcEF358aBAF97cfB57923071262CC9Af3e23ae0,0xc4845a97640304c5dcd290b3dd91f5887cf5ae57,12.773519364780963,SOL,"[""ETH"",""0xd9c2d319cd7e6177336b0a9c93c21cb48d84fb54""]",04/08/2021 59:19,Sent
12956826,62,0x9F1E8B11965799677cd847eb88D46a50e6946040,0x8d4be9a093316322475a841d81a691030fac7af2,0.49,SOL,"[""ETH"",""0xd9c2d319cd7e6177336b0a9c93c21cb48d84fb54""]",04/08/2021 32:29,Sent
12960336,63,0x9F1E8B11965799677cd847eb88D46a50e6946040,0x8d4be9a093316322475a841d81a691030fac7af2,4.99,SOL,"[""ETH"",""0xd9c2d319cd7e6177336b0a9c93c21cb48d84fb54""]",04/08/2021 45:23,Sent
12960506,64,0x9F1E8B11965799677cd847eb88D46a50e6946040,0x8d4be9a093316322475a841d81a691030fac7af2,21.21,SOL,"[""ETH"",""0xd9c2d319cd7e6177336b0a9c93c21cb48d84fb54""]",04/08/2021 22:19,Sent
12976602,65,0xC3ba46c4f80f8A7073C5cC9B9eEE2a77D55c2BB1,0xc3ba46c4f80f8a7073c5cc9b9eee2a77d55c2bb1,1899.6656905904647,BSC,"[""ETH"",""0xf7413489c474ca4399eee604716c72879eea3615""]",07/08/2021 35:07,Sent
12976781,66,0x6f37fa6dd853D7Fbc5aF6Be6dcE3DAAD2BA4aC11,0x6f37fa6dd853d7fbc5af6be6dce3daad2ba4ac11,0.18,BSC,"[""ETH"",""0xd9c2d319cd7e6177336b0a9c93c21cb48d84fb54""]",07/08/2021 14:00,Sent
12978564,67,0xbB076f3BbDA9f5E84Dd5a75D5568309f4F86dcbB,0xbb076f3bbda9f5e84dd5a75d5568309f4f86dcbb,142.4544853331902,BSC,"[""ETH"",""0xd9c2d319cd7e6177336b0a9c93c21cb48d84fb54""]",07/08/2021 45:20,Sent
12983551,68,0x6CED59A8D2dA7bdf3E6c2920F632421A8f3c34D1,0x2f22d1039cbee1657420ff07eb91c959d8371b1e,30,SOL,"[""ETH"",""0xd9c2d319cd7e6177336b0a9c93c21cb48d84fb54""]",08/08/2021 17:01,Sent
12984336,69,0x58990D5EAa5C1fB5EaDdED1DdA46EEeE105D2CAD,0x7a6489343c5a99e95ca831dac0b1f9cae3bae3df,5.19,SOL,"[""ETH"",""0xd9c2d319cd7e6177336b0a9c93c21cb48d84fb54""]",08/08/2021 08:13,Sent
12990227,70,0x60B3b164a69AC2A79C0828190a94Cf0D28274891,0x3e4302fcc1faf17638597e7ccf3c625e6fa1c81d,66.96,BSC,"[""ETH"",""0xd9c2d319cd7e6177336b0a9c93c21cb48d84fb54""]",09/08/2021 01:32,Sent
12991422,71,0x6f37fa6dd853D7Fbc5aF6Be6dcE3DAAD2BA4aC11,0x6f37fa6dd853d7fbc5af6be6dce3daad2ba4ac11,0.98,POL,"[""ETH"",""0xd9c2d319cd7e6177336b0a9c93c21cb48d84fb54""]",09/08/2021 11:40,Sent
12996545,72,0x60B3b164a69AC2A79C0828190a94Cf0D28274891,0x3e4302fcc1faf17638597e7ccf3c625e6fa1c81d,174.61,BSC,"[""ETH"",""0xd9c2d319cd7e6177336b0a9c93c21cb48d84fb54""]",10/08/2021 20:07,Sent
13005881,73,0x60B3b164a69AC2A79C0828190a94Cf0D28274891,0x3e4302fcc1faf17638597e7ccf3c625e6fa1c81d,203.49,BSC,"[""ETH"",""0xd9c2d319cd7e6177336b0a9c93c21cb48d84fb54""]",11/08/2021 49:01,Sent
13007949,74,0x6452398De3c78eDd40a348a8Fca83475fbA31857,0xf3919bb4d477a17f02e2099e4ee1de0360b57328,2.99,SOL,"[""ETH"",""0xd9c2d319cd7e6177336b0a9c93c21cb48d84fb54""]",12/08/2021 34:29,Sent
13009340,75,0x9Dda875fb38458aF3cDaE10eeae0AF321d5fB48A,0x9dda875fb38458af3cdae10eeae0af321d5fb48a,178570.9,BSC,"[""ETH"",""0xf7413489c474ca4399eee604716c72879eea3615""]",12/08/2021 51:11,Sent
13015621,76,0xAda8bC7558fF750967FfDa62d5321473Ae556547,0x2b18b6588a8e78a1c84d4f762f2f90fa7c033e1d,8725.900813610804,BSC,"[""ETH"",""0xf7413489c474ca4399eee604716c72879eea3615""]",13/08/2021 05:09,Sent
13015636,77,0xa787F09349999A61434cFB75118C6A9d0CAc9406,0xa787f09349999a61434cfb75118c6a9d0cac9406,11737.200212531181,BSC,"[""ETH"",""0xf7413489c474ca4399eee604716c72879eea3615""]",13/08/2021 07:37,Sent
13018634,78,0x3642844717D64FE85Fb45d7ed17F832A283520fe,0x6239c554863176f783b49f6954042197e8649521,2437.5368747953485,SOL,"[""ETH"",""0xf7413489c474ca4399eee604716c72879eea3615""]",13/08/2021 06:39,Sent
13020206,79,0xbB076f3BbDA9f5E84Dd5a75D5568309f4F86dcbB,0xbb076f3bbda9f5e84dd5a75d5568309f4f86dcbb,126.11672701317337,BSC,"[""ETH"",""0xd9c2d319cd7e6177336b0a9c93c21cb48d84fb54""]",14/08/2021 53:49,Sent
13021329,80,0xbB076f3BbDA9f5E84Dd5a75D5568309f4F86dcbB,0xbb076f3bbda9f5e84dd5a75d5568309f4f86dcbb,179.83217527,BSC,"[""ETH"",""0xd9c2d319cd7e6177336b0a9c93c21cb48d84fb54""]",14/08/2021 14:14,Sent
13023271,81,0x60B3b164a69AC2A79C0828190a94Cf0D28274891,0x3e4302fcc1faf17638597e7ccf3c625e6fa1c81d,183.605,BSC,"[""ETH"",""0xd9c2d319cd7e6177336b0a9c93c21cb48d84fb54""]",14/08/2021 24:46,Sent
13025720,82,0xF4b9E164A61bF9FabdaE21Ae1AD27dD035d6Db3D,0xf4b9e164a61bf9fabdae21ae1ad27dd035d6db3d,2463.938621055212,BSC,"[""ETH"",""0xf7413489c474ca4399eee604716c72879eea3615""]",15/08/2021 27:36,Sent
13029037,83,0xbB076f3BbDA9f5E84Dd5a75D5568309f4F86dcbB,0xbb076f3bbda9f5e84dd5a75d5568309f4f86dcbb,186.74959005999997,BSC,"[""ETH"",""0xd9c2d319cd7e6177336b0a9c93c21cb48d84fb54""]",15/08/2021 50:34,Sent
13029446,84,0x1740C91460Ca58ef58219254BEE4147d94d3B7d3,0x1740c91460ca58ef58219254bee4147d94d3b7d3,599.9,BSC,"[""ETH"",""0xf7413489c474ca4399eee604716c72879eea3615""]",15/08/2021 20:46,Sent
13029530,85,0x1740C91460Ca58ef58219254BEE4147d94d3B7d3,0x1740c91460ca58ef58219254bee4147d94d3b7d3,5477.624956908157,BSC,"[""ETH"",""0xf7413489c474ca4399eee604716c72879eea3615""]",15/08/2021 38:15,Sent
13033135,86,0xA95878aE16923A232445bf7D3290B4A075b8e6a8,0xa95878ae16923a232445bf7d3290b4a075b8e6a8,991.0148038273517,BSC,"[""ETH"",""0xf7413489c474ca4399eee604716c72879eea3615""]",16/08/2021 53:40,Sent
13034721,87,0x60B3b164a69AC2A79C0828190a94Cf0D28274891,0x3e4302fcc1faf17638597e7ccf3c625e6fa1c81d,180.56,BSC,"[""ETH"",""0xd9c2d319cd7e6177336b0a9c93c21cb48d84fb54""]",16/08/2021 45:59,Sent
13055377,88,0xa787F09349999A61434cFB75118C6A9d0CAc9406,0xa787f09349999a61434cfb75118c6a9d0cac9406,16078.274237562035,BSC,"[""ETH"",""0xf7413489c474ca4399eee604716c72879eea3615""]",19/08/2021 16:32,Sent
13059602,89,0xbB076f3BbDA9f5E84Dd5a75D5568309f4F86dcbB,0xbb076f3bbda9f5e84dd5a75d5568309f4f86dcbb,247.4216356,BSC,"[""ETH"",""0xd9c2d319cd7e6177336b0a9c93c21cb48d84fb54""]",20/08/2021 59:19,Sent
13074957,90,0xcbeA173727686d4311A1071Fd64b31388D50b322,0xee52c7f9801ed84161d55c2584c9cfeb76952fe0,100,SOL,"[""ETH"",""0xd9c2d319cd7e6177336b0a9c93c21cb48d84fb54""]",22/08/2021 53:00,Sent
13075826,91,0x6CDb3F37dE97b1F460DeB5d1CeB825Ef637297a3,0xe9d9dce8d6117a422e8eca3541ad2e2f7c335a0e,5.796952632573837,SOL,"[""ETH"",""0xd9c2d319cd7e6177336b0a9c93c21cb48d84fb54""]",22/08/2021 08:53,Sent
13078722,92,0xbB076f3BbDA9f5E84Dd5a75D5568309f4F86dcbB,0xbb076f3bbda9f5e84dd5a75d5568309f4f86dcbb,132.49,BSC,"[""ETH"",""0xd9c2d319cd7e6177336b0a9c93c21cb48d84fb54""]",23/08/2021 44:38,Sent
13085011,93,0xCFcEF358aBAF97cfB57923071262CC9Af3e23ae0,0xc4845a97640304c5dcd290b3dd91f5887cf5ae57,93.29852156673121,SOL,"[""ETH"",""0xd9c2d319cd7e6177336b0a9c93c21cb48d84fb54""]",24/08/2021 13:39,Sent
13085059,94,0xCFcEF358aBAF97cfB57923071262CC9Af3e23ae0,0xc4845a97640304c5dcd290b3dd91f5887cf5ae57,16.566336328867752,SOL,"[""ETH"",""0xd9c2d319cd7e6177336b0a9c93c21cb48d84fb54""]",24/08/2021 27:16,Sent
13087504,95,0x2D0217c53ead5E10AAFf384eFB383E94e2965ee9,0x42556cf2736fbc43f1901d3a47128e8725e79ac4,82.38,SOL,"[""ETH"",""0xd9c2d319cd7e6177336b0a9c93c21cb48d84fb54""]",24/08/2021 33:52,Sent
13088746,96,0xbB076f3BbDA9f5E84Dd5a75D5568309f4F86dcbB,0xbb076f3bbda9f5e84dd5a75d5568309f4f86dcbb,214.60848749,BSC,"[""ETH"",""0xd9c2d319cd7e6177336b0a9c93c21cb48d84fb54""]",24/08/2021 08:04,Sent
13090807,97,0xbB076f3BbDA9f5E84Dd5a75D5568309f4F86dcbB,0xbb076f3bbda9f5e84dd5a75d5568309f4f86dcbb,271.57364025000004,BSC,"[""ETH"",""0xd9c2d319cd7e6177336b0a9c93c21cb48d84fb54""]",25/08/2021 38:36,Sent
13101111,98,0x60B3b164a69AC2A79C0828190a94Cf0D28274891,0x3e4302fcc1faf17638597e7ccf3c625e6fa1c81d,212.158,BSC,"[""ETH"",""0xd9c2d319cd7e6177336b0a9c93c21cb48d84fb54""]",26/08/2021 57:54,Sent
13101322,99,0xa787F09349999A61434cFB75118C6A9d0CAc9406,0xa787f09349999a61434cfb75118c6a9d0cac9406,14619.148174182783,BSC,"[""ETH"",""0xf7413489c474ca4399eee604716c72879eea3615""]",26/08/2021 41:05,Sent
13121168,100,0xCED85386a4Ccaf2eeBF2464F35ED032D8be8e980,0x07eaab75c756a640d0ea1512d5b6b58dfff65e65,8.99,SOL,"[""ETH"",""0xd9c2d319cd7e6177336b0a9c93c21cb48d84fb54""]",29/08/2021 26:44,Sent
13127512,101,0x7d75CC9AC81Eca8b7ED2260D4D24754702495cDe,0x96fe4beb94ebbbd9c1059049e73f0fba9b047355,59.788912668040936,SOL,"[""ETH"",""0xd9c2d319cd7e6177336b0a9c93c21cb48d84fb54""]",30/08/2021 47:50,Sent
13134919,102,0x7C910353F1500790029a1281E3a3514e8A2d7349,0x7c910353f1500790029a1281e3a3514e8a2d7349,1622.049679,BSC,"[""ETH"",""0x7968bc6a03017ea2de509aaa816f163db0f35148""]",31/08/2021 25:27,Sent
13150761,103,0x18feB90E96AE3d7172533c26814c5583fd98D25B,0x18feb90e96ae3d7172533c26814c5583fd98d25b,60.942389105053195,BSC,"[""ETH"",""0xd9c2d319cd7e6177336b0a9c93c21cb48d84fb54""]",03/09/2021 10:33,Sent
13151138,104,0xbB076f3BbDA9f5E84Dd5a75D5568309f4F86dcbB,0xbb076f3bbda9f5e84dd5a75d5568309f4f86dcbb,229.99,BSC,"[""ETH"",""0xd9c2d319cd7e6177336b0a9c93c21cb48d84fb54""]",03/09/2021 29:42,Sent
13159018,105,0xb8946492C061Cd16da875AAFD91EB5dFD5FA78D3,0xb8946492c061cd16da875aafd91eb5dfd5fa78d3,260.44988738,BSC,"[""ETH"",""0xd9c2d319cd7e6177336b0a9c93c21cb48d84fb54""]",04/09/2021 48:24,Sent
13161194,106,0xAda8bC7558fF750967FfDa62d5321473Ae556547,0xada8bc7558ff750967ffda62d5321473ae556547,10960.20103331647,BSC,"[""ETH"",""0xf7413489c474ca4399eee604716c72879eea3615""]",04/09/2021 39:15,Sent
13161205,107,0xB27226CE5f123f91514ae3955e5cFEB7B9754981,0xb27226ce5f123f91514ae3955e5cfeb7b9754981,27753.661955149495,BSC,"[""ETH"",""0xf7413489c474ca4399eee604716c72879eea3615""]",04/09/2021 41:32,Sent
13170743,108,0x2f2f26aD1011c86b933ADBc7aeeA85d0C66b64e2,0x2f2f26ad1011c86b933adbc7aeea85d0c66b64e2,261.91485821000003,BSC,"[""ETH"",""0xd9c2d319cd7e6177336b0a9c93c21cb48d84fb54""]",06/09/2021 04:01,Sent
13174108,109,0xD33F6aD36d540Ea5D526B9Dd2c1D85406072Bd90,0xd33f6ad36d540ea5d526b9dd2c1d85406072bd90,134.07086949264738,BSC,"[""ETH"",""0xd9c2d319cd7e6177336b0a9c93c21cb48d84fb54""]",06/09/2021 34:43,Sent
13176252,110,0x2f2f26aD1011c86b933ADBc7aeeA85d0C66b64e2,0x2f2f26ad1011c86b933adbc7aeea85d0c66b64e2,284.80897344,BSC,"[""ETH"",""0xd9c2d319cd7e6177336b0a9c93c21cb48d84fb54""]",07/09/2021 33:38,Sent
13177464,111,0x60B3b164a69AC2A79C0828190a94Cf0D28274891,0x3e4302fcc1faf17638597e7ccf3c625e6fa1c81d,208.85,BSC,"[""ETH"",""0xd9c2d319cd7e6177336b0a9c93c21cb48d84fb54""]",07/09/2021 02:56,Sent
13178861,112,0x3113AB5c691ECDAC25C07bBF2bf80EB005e4088C,0x92ef5ec6af5e553156596f21a3bdbbb45ccc9dbc,19689.51871343297,SOL,"[""ETH"",""0xf7413489c474ca4399eee604716c72879eea3615""]",07/09/2021 21:13,Sent
13178901,113,0x3113AB5c691ECDAC25C07bBF2bf80EB005e4088C,0x92ef5ec6af5e553156596f21a3bdbbb45ccc9dbc,19689.318713432,SOL,"[""ETH"",""0xf7413489c474ca4399eee604716c72879eea3615""]",07/09/2021 29:27,Sent
13182081,114,0x13F8E004e777D263B458C554663A2eD8032cafF6,0x03cf45b0fa0de7d746c9134cd4c3b51b68df5e15,42.00344098477654,SOL,"[""ETH"",""0xd9c2d319cd7e6177336b0a9c93c21cb48d84fb54""]",08/09/2021 21:35,Sent
13182902,115,0x2f2f26aD1011c86b933ADBc7aeeA85d0C66b64e2,0x2f2f26ad1011c86b933adbc7aeea85d0c66b64e2,290.28466011,BSC,"[""ETH"",""0xd9c2d319cd7e6177336b0a9c93c21cb48d84fb54""]",08/09/2021 24:55,Sent
13184431,116,0x60B3b164a69AC2A79C0828190a94Cf0D28274891,0x3e4302fcc1faf17638597e7ccf3c625e6fa1c81d,217.59,BSC,"[""ETH"",""0xd9c2d319cd7e6177336b0a9c93c21cb48d84fb54""]",08/09/2021 56:46,Sent
13184512,117,0xa9Ec511eCF55d7e184f88046e1a86BA8cDe5aABA,0x63bc3f889539718eddd2541c8347e55772999052,570.79542889,SOL,"[""ETH"",""0xd9c2d319cd7e6177336b0a9c93c21cb48d84fb54""]",08/09/2021 17:10,Sent
13191664,118,0x7A224fef1826020130d4891DBB34bFF0d8914a99,0x1dc458e02259d7e73c6c46228938f275b1085f1a,449.99,SOL,"[""ETH"",""0xd9c2d319cd7e6177336b0a9c93c21cb48d84fb54""]",09/09/2021 59:21,Sent
13192884,119,0x60B3b164a69AC2A79C0828190a94Cf0D28274891,0x3e4302fcc1faf17638597e7ccf3c625e6fa1c81d,218.79,BSC,"[""ETH"",""0xd9c2d319cd7e6177336b0a9c93c21cb48d84fb54""]",09/09/2021 30:28,Sent
13193701,120,0x42542D1F1a465Aa3E812AB5D2b0C23A1dD17B20f,0xbdf2a7e32fd58c78a9b744cc2b6f9359aab2fb5d,65.81244033216998,SOL,"[""ETH"",""0xd9c2d319cd7e6177336b0a9c93c21cb48d84fb54""]",10/09/2021 25:25,Sent
13194588,121,0x2f2f26aD1011c86b933ADBc7aeeA85d0C66b64e2,0x2f2f26ad1011c86b933adbc7aeea85d0c66b64e2,261.64298599,BSC,"[""ETH"",""0xd9c2d319cd7e6177336b0a9c93c21cb48d84fb54""]",10/09/2021 38:44,Sent
13197056,122,0xAda8bC7558fF750967FfDa62d5321473Ae556547,0xada8bc7558ff750967ffda62d5321473ae556547,17796.668248541,BSC,"[""ETH"",""0xf7413489c474ca4399eee604716c72879eea3615""]",10/09/2021 53:58,Sent
13197086,123,0x60B3b164a69AC2A79C0828190a94Cf0D28274891,0x3e4302fcc1faf17638597e7ccf3c625e6fa1c81d,222.31,BSC,"[""ETH"",""0xd9c2d319cd7e6177336b0a9c93c21cb48d84fb54""]",10/09/2021 02:03,Sent
13197866,124,0x451CF38A9BA6285b51446A37cC5ebAb59D0D2CBa,0x6fbbdd4317aa9bf46f5e785e9a1f49214efae375,208.24005551000002,SOL,"[""ETH"",""0xd9c2d319cd7e6177336b0a9c93c21cb48d84fb54""]",10/09/2021 57:12,Sent
13199342,125,0x60B3b164a69AC2A79C0828190a94Cf0D28274891,0x3e4302fcc1faf17638597e7ccf3c625e6fa1c81d,211.67,BSC,"[""ETH"",""0xd9c2d319cd7e6177336b0a9c93c21cb48d84fb54""]",10/09/2021 18:14,Sent
13199703,126,0x81DC6F15eE72F6E6d49CB6Ca44C0Bf8E63770027,0x81dc6f15ee72f6e6d49cb6ca44c0bf8e63770027,8877.9,BSC,"[""ETH"",""0xf7413489c474ca4399eee604716c72879eea3615""]",10/09/2021 35:44,Sent
13199962,127,0xAda8bC7558fF750967FfDa62d5321473Ae556547,0xada8bc7558ff750967ffda62d5321473ae556547,68.7493427756,BSC,"[""ETH"",""0xd9c2d319cd7e6177336b0a9c93c21cb48d84fb54""]",10/09/2021 37:40,Sent
13210483,128,0x60B3b164a69AC2A79C0828190a94Cf0D28274891,0x3e4302fcc1faf17638597e7ccf3c625e6fa1c81d,194.7,BSC,"[""ETH"",""0xd9c2d319cd7e6177336b0a9c93c21cb48d84fb54""]",12/09/2021 46:09,Sent
13212979,129,0xa787F09349999A61434cFB75118C6A9d0CAc9406,0xa787f09349999a61434cfb75118c6a9d0cac9406,30872.328798,BSC,"[""ETH"",""0xf7413489c474ca4399eee604716c72879eea3615""]",12/09/2021 57:35,Sent
13216477,130,0x1072f47DFd5e65E9a285760226369C7D0f1AC4b2,0xddb4aec13ffcc1a561819e82b1c09b1b840d7d9d,65.5315414538055,SOL,"[""ETH"",""0xd9c2d319cd7e6177336b0a9c93c21cb48d84fb54""]",13/09/2021 13:19,Sent
13217404,131,0xe059B971C51d758bC331d5D6fe6d5bdE9A078F9a,0x5eef3dcec82c3b230797b3473da78ba966e36607,214.26972615597938,SOL,"[""ETH"",""0xd9c2d319cd7e6177336b0a9c93c21cb48d84fb54""]",13/09/2021 39:03,Sent
13218016,132,0x9BeC365003B873330b792Ad23BB664A6D591dFB0,0x4940c029f2da663f0a7b474a1e131428ff320b2e,0.99,SOL,"[""ETH"",""0xd9c2d319cd7e6177336b0a9c93c21cb48d84fb54""]",13/09/2021 59:10,Sent
13218074,133,0x9BeC365003B873330b792Ad23BB664A6D591dFB0,0x4940c029f2da663f0a7b474a1e131428ff320b2e,217.99,SOL,"[""ETH"",""0xd9c2d319cd7e6177336b0a9c93c21cb48d84fb54""]",13/09/2021 10:27,Sent
13219408,134,0x7d3fdeC79027AE95B756502BEe027490Ca367695,0x2f667061d08d6b77917a96e9d90abda0c2476ac9,38.99,SOL,"[""ETH"",""0xd9c2d319cd7e6177336b0a9c93c21cb48d84fb54""]",13/09/2021 56:49,Sent
13220359,135,0xB345982af3E5FCbA99990B99105A12FFC48A11Fd,0xba17135bd535e67721950c8bbdb9357e9cf99269,2.9257024,SOL,"[""ETH"",""0xd9c2d319cd7e6177336b0a9c93c21cb48d84fb54""]",14/09/2021 28:42,Sent
13224110,136,0x7D84B4816A71d0Dec55E8e881011A617F87AB3B0,0x3cb29abdd2c67a0e80353a21b662563eb3700c31,41.50273455,SOL,"[""ETH"",""0xd9c2d319cd7e6177336b0a9c93c21cb48d84fb54""]",14/09/2021 24:42,Sent
